{
  "mse": 0.9325856566429138,
  "mae": 0.7661011219024658,
  "r2": 0.11386662721633911
}